Nombre de la función;Total de versiones;Tamaño total usado (MB)
andesoms-jobs-demo-CentryRefreshTokenSQS;50;3.601.032.409.667.960
beflow-backend-jobs-ts-prod-CreatePreparationCapacityLocation;50;3.761.581.745.147.700
andescc-state-machines-dev-AvailableProcesses;50;8.792.220.821.380.610
andesoms-reports-dev-PendingArrivalsReportsV2;50;17.580.200.386.047.300
beflow-backend-sap-demo-adapterInternalEvent;50;56.967.204.093.933.100
andesoms-integrations-dev-Delete;43;2.870.091.962.814.330
andesoms-stock-prod-StockUpdateSQS;39;6.003.757.629.394.530
beflow-backend-sap-prod-inventoryTransferRequestSF;35;4.049.539.566.040.030
andescc-user-notifications-dev-GetAll;32;512.455.156.326.294
andesoms-sales-channels-prod-Delete;29;2.869.974.298.477.170
andesoms-integrations-prod-Delete;29;17.991.631.889.343.200
beflow-backend-settings-ts-demo-salesChannelServices;29;35.363.558.769.226.000
andes-oms-api-prod-custom_linx_fulfillment;26;25.448.840.522.766.100
andes-oms-api-prod-custom_vyv_inventory_update;26;25.448.840.522.766.100
beflow-courier-interactions-prod-orderTrackingPedidosYa;22;871.381.311.416.626
andesoms-mapping-dev-DeleteMapping;21;9.894.981.288.909.910
andesoms-users-prod-PreGenerationToken;18;2.216.847.448.348.990
beflow-backend-jobs-ts-demo-refreshTokenUberDirect;18;19.194.725.227.355.900
beflow-backend-settings-ts-demo-featureFlagServices;16;7.563.453.674.316.400
andesoms-logs-demo-GetAllOfTarget;16;19.715.232.849.121.000
andescc-ecommerce-interactions-dev-WmsReport;15;7.466.264.915.466.300
andesoms-helpers-demo-DeleteOneToken;13;1.426.672.706.604.000
beflow-backend-json-importer-demo-closeSaleOrderCreateSF;13;2.087.259.006.500.240
beflow-backend-cc-template-prod-webhook-processor-hook;12;3.310.428.810.119.620
andesoms-fulfillments-prod-UpdateFulfillment;12;16.018.840.789.794.900
andesoms-fulfillments-prod-RetryShippingCreationSQS;12;16.049.612.045.288.000
andesoms-fulfillments-prod-GeneratePickingList;12;16.104.409.217.834.400
beflow-courier-interactions-demo-jobTrackingPull;11;432.481.050.491.333
andesoms-integrations-prod-ChangeStatusMany;11;9.385.966.300.964.350
beflow-backend-utils-dev-BestTechnologyJsonXmlProcessorInvoke;11;10.658.377.647.399.900
andesoms-couriers-webhooks-demo-EnviameWebhook;10;11.489.970.207.214.300
beflow-backend-json-importer-dev-closeSaleOrderCreateSF;9;14.155.048.370.361.300
andescc-state-machines-demo-AutoReleaseSpartaSF;7;14.275.667.190.551.700
andesoms-incidents-prod-CreateLineItemsManualIncidence;6;26.411.514.282.226.500
andescc-slack-notifications-dev-Notify;6;0.5549459457397461
andesoms-order-ingestion-prod-TestCourierService;5;8.120.736.503.601.070
andesoms-order-ingestion-demo-WebhookFromEvent;3;4.869.190.502.166.740
andesoms-users-demo-PreGenerationTokenV2;3;8.298.201.560.974.120
andescc-testapi-demo-Create;2;3.485.536.766.052.240
andesoms-users-production-Delete;2;9.553.874.969.482.420
andesoms-users-production-GetOne;2;9.553.874.969.482.420
andesoms-fulfillments-dev-BatchCreateFulfillment;2;27.068.920.135.498.000
andesoms-fulfillments-dev-GetFulfillmentsV2;2;27.354.259.490.966.700
andesoms-fulfillments-dev-ObtainMassiveTickets;2;28.388.442.993.164.000
beflow-backend-orders-ts-demo-cancelFulfillmentEvent;2;32.028.818.130.493.100
andesoms-orders-prod-RemoteCancelOrder;1;5.164.331.245.422.360
andesoms-orders-prod-GetManualIncidences;1;5.164.331.245.422.360
andesoms-orders-prod-GetOrderDocument;1;5.164.331.245.422.360
andesoms-orders-demo-FindByFilters;1;0.005087852478027344
andesoms-orders-dev-ChangeStoreV2;1;0.01681995391845703
