Function Name,Total Versions,Total Size (Bytes)
andescc-testapi-demo-Create,2,36548502
andesoms-integrations-prod-Delete,29,188655934
andescc-ecommerce-interactions-dev-WmsReport,15,78289462
beflow-courier-interactions-demo-jobTrackingPull,11,45348925
andesoms-jobs-demo-CentryRefreshTokenSQS,50,377595616
andesoms-orders-prod-RemoteCancelOrder,1,54151938
beflow-backend-json-importer-dev-closeSaleOrderCreateSF,9,14842644
andesoms-users-production-Delete,2,10017964
andes-oms-api-prod-custom_linx_fulfillment,26,266850434
beflow-backend-cc-template-prod-webhook-processor-hook,12,34712362
andesoms-order-ingestion-demo-WebhookFromEvent,3,51057163
andes-oms-api-prod-custom_vyv_inventory_update,26,266850434
beflow-backend-jobs-ts-prod-CreatePreparationCapacityLocation,50,394430434
andesoms-integrations-dev-Delete,43,300950955
beflow-courier-interactions-prod-orderTrackingPedidosYa,22,91370953
andesoms-users-prod-PreGenerationToken,18,232453303
andesoms-couriers-webhooks-demo-EnviameWebhook,10,12048107
beflow-backend-utils-dev-BestTechnologyJsonXmlProcessorInvoke,11,11176119
andescc-state-machines-dev-AvailableProcesses,50,921931174
andesoms-orders-prod-GetManualIncidences,1,54151938
andesoms-fulfillments-prod-RetryShippingCreationSQS,12,16829238
andesoms-fulfillments-dev-ObtainMassiveTickets,2,2976744
andesoms-orders-prod-GetOrderDocument,1,54151938
andesoms-fulfillments-dev-GetFulfillmentsV2,2,2868302
beflow-backend-json-importer-demo-closeSaleOrderCreateSF,13,21886497
andesoms-mapping-dev-DeleteMapping,21,103756399
andesoms-users-demo-PreGenerationTokenV2,3,8701295
andesoms-stock-prod-StockUpdateSQS,39,629539616
andesoms-orders-dev-ChangeStoreV2,1,17637
andesoms-fulfillments-prod-UpdateFulfillment,12,16796972
andesoms-fulfillments-dev-BatchCreateFulfillment,2,2838382
andesoms-sales-channels-prod-Delete,29,300938617
andesoms-logs-demo-GetAllOfTarget,16,20672920
andesoms-order-ingestion-prod-TestCourierService,5,85152094
andesoms-orders-demo-FindByFilters,1,5335
andesoms-helpers-demo-DeleteOneToken,13,149597476
andesoms-fulfillments-prod-GeneratePickingList,12,16886697
andescc-slack-notifications-dev-Notify,6,581903
beflow-backend-orders-ts-demo-cancelFulfillmentEvent,2,3358465
andesoms-incidents-prod-CreateLineItemsManualIncidence,6,27694480
andesoms-integrations-prod-ChangeStatusMany,11,98418990
beflow-backend-settings-ts-demo-salesChannelServices,29,37081379
beflow-backend-settings-ts-demo-featureFlagServices,16,7930856
andesoms-reports-dev-PendingArrivalsReportsV2,50,184341762
andescc-user-notifications-dev-GetAll,32,537348178
andesoms-users-production-GetOne,2,10017964
andescc-state-machines-demo-AutoReleaseSpartaSF,7,149691220
beflow-backend-sap-prod-inventoryTransferRequestSF,35,42462500
beflow-backend-jobs-ts-demo-refreshTokenUberDirect,18,201271282
beflow-backend-sap-demo-adapterInternalEvent,50,59734443
